block_id,sequence,stage,instance_id,part_id,size_L_mm,size_W_mm,size_T_mm,center_x_mm,center_y_mm,center_z_mm,axis_L,axis_W,axis_T,grasp,grasp_axis,support_instance_ids,support_block_ids
002_CHAIR_BACK_B001,1,1,DXF_INSERT_3E,PART_001,75.0,25.0,15.0,-25.0,0.0,7.5,+Y,-X,+Z,FLAT_SHORT,WIDTH,,
002_CHAIR_BACK_B002,2,1,DXF_INSERT_4F,PART_001,75.0,25.0,15.0,25.0,0.0,7.5,+Y,-X,+Z,FLAT_SHORT,WIDTH,,
002_CHAIR_BACK_B003,3,2,DXF_INSERT_61,PART_001,75.0,25.0,15.0,-25.0,0.0,22.5,+Y,-X,+Z,FLAT_SHORT,WIDTH,DXF_INSERT_3E,002_CHAIR_BACK_B001
002_CHAIR_BACK_B004,4,2,DXF_INSERT_72,PART_001,75.0,25.0,15.0,25.0,0.0,22.5,+Y,-X,+Z,FLAT_SHORT,WIDTH,DXF_INSERT_4F,002_CHAIR_BACK_B002
002_CHAIR_BACK_B005,5,3,DXF_INSERT_84,PART_001,75.0,25.0,15.0,-25.0,0.0,37.5,+Y,-X,+Z,FLAT_SHORT,WIDTH,DXF_INSERT_61,002_CHAIR_BACK_B003
002_CHAIR_BACK_B006,6,3,DXF_INSERT_95,PART_001,75.0,25.0,15.0,25.0,0.0,37.5,+Y,-X,+Z,FLAT_SHORT,WIDTH,DXF_INSERT_72,002_CHAIR_BACK_B004
002_CHAIR_BACK_B007,7,4,DXF_INSERT_A7,PART_001,75.0,25.0,15.0,-25.0,0.0,52.5,+Y,-X,+Z,FLAT_SHORT,WIDTH,DXF_INSERT_84,002_CHAIR_BACK_B005
002_CHAIR_BACK_B008,8,4,DXF_INSERT_B8,PART_001,75.0,25.0,15.0,25.0,0.0,52.5,+Y,-X,+Z,FLAT_SHORT,WIDTH,DXF_INSERT_95,002_CHAIR_BACK_B006
002_CHAIR_BACK_B009,9,5,DXF_INSERT_CA,PART_001,75.0,25.0,15.0,0.0,-25.0,67.5,+X,+Y,+Z,FLAT_LONG,LENGTH,DXF_INSERT_A7;DXF_INSERT_B8,002_CHAIR_BACK_B007;002_CHAIR_BACK_B008
002_CHAIR_BACK_B010,10,5,DXF_INSERT_DB,PART_001,75.0,25.0,15.0,0.0,0.0,67.5,+X,+Y,+Z,FLAT_LONG,LENGTH,DXF_INSERT_A7;DXF_INSERT_B8,002_CHAIR_BACK_B007;002_CHAIR_BACK_B008
002_CHAIR_BACK_B011,11,5,DXF_INSERT_EC,PART_001,75.0,25.0,15.0,0.0,25.0,67.5,+X,+Y,+Z,FLAT_LONG,LENGTH,DXF_INSERT_A7;DXF_INSERT_B8,002_CHAIR_BACK_B007;002_CHAIR_BACK_B008
002_CHAIR_BACK_B012,12,6,DXF_INSERT_FE,PART_001,75.0,25.0,15.0,0.0,25.0,82.5,+X,+Y,+Z,FLAT_LONG,LENGTH,DXF_INSERT_EC,002_CHAIR_BACK_B011
002_CHAIR_BACK_B013,13,7,DXF_INSERT_110,PART_001,75.0,25.0,15.0,0.0,25.0,97.5,+X,+Y,+Z,FLAT_LONG,LENGTH,DXF_INSERT_FE,002_CHAIR_BACK_B012
002_CHAIR_BACK_B014,14,8,DXF_INSERT_122,PART_001,75.0,25.0,15.0,0.0,25.0,112.5,+X,+Y,+Z,FLAT_LONG,LENGTH,DXF_INSERT_110,002_CHAIR_BACK_B013
002_CHAIR_BACK_B015,15,9,DXF_INSERT_134,PART_001,75.0,25.0,15.0,0.0,25.0,127.5,+X,+Y,+Z,FLAT_LONG,LENGTH,DXF_INSERT_122,002_CHAIR_BACK_B014
002_CHAIR_BACK_B016,16,10,DXF_INSERT_146,PART_001,75.0,25.0,15.0,0.0,25.0,142.5,+X,+Y,+Z,FLAT_LONG,LENGTH,DXF_INSERT_134,002_CHAIR_BACK_B015
