sequence,stage,instance_id,part_id,size_L_mm,size_W_mm,size_T_mm,center_x_mm,center_y_mm,center_z_mm,axis_L,axis_W,axis_T,grasp,grasp_axis,support_instance_ids
1,1,DXF_INSERT_3E,PART_001,75.0,25.0,15.0,-30.0,-25.0,37.5,+Z,-Y,+X,STAND_SHORT,THICKNESS,
2,1,DXF_INSERT_4F,PART_001,75.0,25.0,15.0,30.0,-25.0,37.5,+Z,-Y,+X,STAND_SHORT,THICKNESS,
3,1,DXF_INSERT_60,PART_001,75.0,25.0,15.0,-30.0,25.0,37.5,+Z,-Y,+X,STAND_SHORT,THICKNESS,
4,1,DXF_INSERT_71,PART_001,75.0,25.0,15.0,30.0,25.0,37.5,+Z,-Y,+X,STAND_SHORT,THICKNESS,
5,2,DXF_INSERT_83,PART_001,75.0,25.0,15.0,0.0,-25.0,82.5,+X,+Y,+Z,FLAT_LONG,LENGTH,DXF_INSERT_3E;DXF_INSERT_4F
6,2,DXF_INSERT_94,PART_001,75.0,25.0,15.0,0.0,25.0,82.5,+X,+Y,+Z,FLAT_LONG,LENGTH,DXF_INSERT_60;DXF_INSERT_71
7,3,DXF_INSERT_A6,PART_001,75.0,25.0,15.0,-25.0,0.0,97.5,+Y,-X,+Z,FLAT_LONG,LENGTH,DXF_INSERT_83;DXF_INSERT_94
8,3,DXF_INSERT_B7,PART_001,75.0,25.0,15.0,0.0,0.0,97.5,+Y,-X,+Z,FLAT_LONG,LENGTH,DXF_INSERT_83;DXF_INSERT_94
9,3,DXF_INSERT_C8,PART_001,75.0,25.0,15.0,25.0,0.0,97.5,+Y,-X,+Z,FLAT_LONG,LENGTH,DXF_INSERT_83;DXF_INSERT_94
