block_id,block,sequence,stage,part_id,size_L_mm,size_W_mm,size_T_mm,center_x_mm,center_y_mm,center_z_mm,axis_L,axis_W,axis_T,grasp,grasp_axis,supports,cad_handle
003_DESK_STAND_LEG_001_01,LEG_001_01,1,1,PART_001,75.0,25.0,15.0,-30.0,-25.0,37.5,+Z,-Y,+X,STAND_SHORT,THICKNESS,,3E
003_DESK_STAND_LEG_002_01,LEG_002_01,2,1,PART_001,75.0,25.0,15.0,30.0,-25.0,37.5,+Z,-Y,+X,STAND_SHORT,THICKNESS,,4F
003_DESK_STAND_LEG_003_01,LEG_003_01,3,1,PART_001,75.0,25.0,15.0,-30.0,25.0,37.5,+Z,-Y,+X,STAND_SHORT,THICKNESS,,60
003_DESK_STAND_LEG_004_01,LEG_004_01,4,1,PART_001,75.0,25.0,15.0,30.0,25.0,37.5,+Z,-Y,+X,STAND_SHORT,THICKNESS,,71
003_DESK_STAND_BEAM_001_01,BEAM_001_01,5,2,PART_001,75.0,25.0,15.0,0.0,-25.0,82.5,+X,+Y,+Z,FLAT_SHORT,WIDTH,LEG_001_01;LEG_002_01,83
003_DESK_STAND_BEAM_002_01,BEAM_002_01,6,2,PART_001,75.0,25.0,15.0,0.0,25.0,82.5,+X,+Y,+Z,FLAT_SHORT,WIDTH,LEG_003_01;LEG_004_01,94
003_DESK_STAND_TOP_001_01,TOP_001_01,7,3,PART_001,75.0,25.0,15.0,-25.0,0.0,97.5,+Y,-X,+Z,FLAT_SHORT,WIDTH,BEAM_001_01;BEAM_002_01,A6
003_DESK_STAND_TOP_001_02,TOP_001_02,8,3,PART_001,75.0,25.0,15.0,0.0,0.0,97.5,+Y,-X,+Z,FLAT_LONG,LENGTH,BEAM_001_01;BEAM_002_01,B7
003_DESK_STAND_TOP_001_03,TOP_001_03,9,3,PART_001,75.0,25.0,15.0,25.0,0.0,97.5,+Y,-X,+Z,FLAT_LONG,LENGTH,BEAM_001_01;BEAM_002_01,C8
