block_id,block,sequence,stage,part_id,size_L_mm,size_W_mm,size_T_mm,center_x_mm,center_y_mm,center_z_mm,axis_L,axis_W,axis_T,grasp,grasp_axis,supports,cad_handle,recipe_sha256,schema
004_DESK_PEDESTAL_V000_BASE_001_01,BASE_001_01,1,1,PART_001,75.0,25.0,15.0,0.0,-25.0,7.5,+X,+Y,+Z,FLAT_SHORT,WIDTH,,9E,bc869d671b6c64d75a216f5d78b0506a6b314693dacae47bbca57310534d0cd4,placements/2.0
004_DESK_PEDESTAL_V000_BASE_001_02,BASE_001_02,2,1,PART_001,75.0,25.0,15.0,0.0,0.0,7.5,+X,+Y,+Z,FLAT_LONG,LENGTH,,A1,bc869d671b6c64d75a216f5d78b0506a6b314693dacae47bbca57310534d0cd4,placements/2.0
004_DESK_PEDESTAL_V000_BASE_001_03,BASE_001_03,3,1,PART_001,75.0,25.0,15.0,0.0,25.0,7.5,+X,+Y,+Z,FLAT_LONG,LENGTH,,A4,bc869d671b6c64d75a216f5d78b0506a6b314693dacae47bbca57310534d0cd4,placements/2.0
004_DESK_PEDESTAL_V000_COLUMN_001_01,COLUMN_001_01,4,2,PART_001,75.0,25.0,15.0,0.0,0.0,22.5,+Y,-X,+Z,FLAT_SHORT,WIDTH,BASE_001_01;BASE_001_02;BASE_001_03,A7,bc869d671b6c64d75a216f5d78b0506a6b314693dacae47bbca57310534d0cd4,placements/2.0
004_DESK_PEDESTAL_V000_COLUMN_001_02,COLUMN_001_02,5,3,PART_001,75.0,25.0,15.0,0.0,0.0,37.5,+Y,-X,+Z,FLAT_SHORT,WIDTH,COLUMN_001_01,AA,bc869d671b6c64d75a216f5d78b0506a6b314693dacae47bbca57310534d0cd4,placements/2.0
004_DESK_PEDESTAL_V000_COLUMN_001_03,COLUMN_001_03,6,4,PART_001,75.0,25.0,15.0,0.0,0.0,52.5,+Y,-X,+Z,FLAT_SHORT,WIDTH,COLUMN_001_02,AD,bc869d671b6c64d75a216f5d78b0506a6b314693dacae47bbca57310534d0cd4,placements/2.0
004_DESK_PEDESTAL_V000_COLUMN_001_04,COLUMN_001_04,7,5,PART_001,75.0,25.0,15.0,0.0,0.0,67.5,+Y,-X,+Z,FLAT_SHORT,WIDTH,COLUMN_001_03,B0,bc869d671b6c64d75a216f5d78b0506a6b314693dacae47bbca57310534d0cd4,placements/2.0
004_DESK_PEDESTAL_V000_COLUMN_001_05,COLUMN_001_05,8,6,PART_001,75.0,25.0,15.0,0.0,0.0,82.5,+Y,-X,+Z,FLAT_SHORT,WIDTH,COLUMN_001_04,B3,bc869d671b6c64d75a216f5d78b0506a6b314693dacae47bbca57310534d0cd4,placements/2.0
004_DESK_PEDESTAL_V000_TOP_001_01,TOP_001_01,9,7,PART_001,75.0,25.0,15.0,0.0,-25.0,97.5,+X,+Y,+Z,FLAT_SHORT,WIDTH,COLUMN_001_05,B6,bc869d671b6c64d75a216f5d78b0506a6b314693dacae47bbca57310534d0cd4,placements/2.0
004_DESK_PEDESTAL_V000_TOP_001_02,TOP_001_02,10,7,PART_001,75.0,25.0,15.0,0.0,0.0,97.5,+X,+Y,+Z,FLAT_LONG,LENGTH,COLUMN_001_05,B9,bc869d671b6c64d75a216f5d78b0506a6b314693dacae47bbca57310534d0cd4,placements/2.0
004_DESK_PEDESTAL_V000_TOP_001_03,TOP_001_03,11,7,PART_001,75.0,25.0,15.0,0.0,25.0,97.5,+X,+Y,+Z,FLAT_LONG,LENGTH,COLUMN_001_05,BC,bc869d671b6c64d75a216f5d78b0506a6b314693dacae47bbca57310534d0cd4,placements/2.0
